{
  "n_arguments": 10,
  "wilcoxon_oracle_vs_baseline": {
    "statistic": 12.0,
    "p_value": 0.5,
    "confirmed": false
  },
  "wilcoxon_noise_vs_baseline": {
    "statistic": 24.5,
    "p_value": 0.9921875,
    "confirmed": false
  },
  "wilcoxon_vanilla_vs_baseline": {
    "statistic": 22.5,
    "p_value": 1.0,
    "shortcut_supported": true
  },
  "wilcoxon_oracle_vs_noise": {
    "statistic": 0.0,
    "p_value": 1.0,
    "confirmed": false
  },
  "effect_sizes": {
    "oracle_vs_baseline": {
      "mean_delta": 0.033333333333333354,
      "median_delta": 0.0,
      "bootstrap_95ci": [
        -0.13333333333333333,
        0.2333333333333333
      ]
    },
    "oracle_vs_noise": {
      "mean_delta": -0.16666666666666669,
      "median_delta": 0.0,
      "bootstrap_95ci": [
        -0.3,
        -0.03333333333333333
      ]
    }
  },
  "manipulation_check": {
    "noise_ac1_mean": 0.5280720647585669,
    "baseline_ac1_mean": 0.5111834709690553,
    "oracle_ac1": 1.0,
    "passed": false
  },
  "kl_divergence_from_human": {
    "vanilla": 1.989851069466377,
    "baseline": 2.6799196423902085,
    "oracle_gold": 2.657638918060419,
    "noise": 2.0232961853622204
  },
  "condition_means": {
    "vanilla": {
      "match_rate": 0.2,
      "ac1": null
    },
    "noise": {
      "match_rate": 0.4,
      "ac1": 0.5280720647585669
    },
    "baseline": {
      "match_rate": 0.19999999999999998,
      "ac1": 0.5111834709690553
    },
    "oracle_gold": {
      "match_rate": 0.23333333333333334,
      "ac1": 1.0
    }
  },
  "per_argument": [
    {
      "arg_index": 0,
      "human_dominant": "Vague or Ambiguous Terms",
      "vanilla_mr": 0.3333333333333333,
      "noise_mr": 0.3333333333333333,
      "baseline_mr": 0.6666666666666666,
      "oracle_mr": 0.3333333333333333,
      "noise_ac1": 0.5158924205378973,
      "baseline_ac1": 1.0,
      "oracle_ac1": 1.0
    },
    {
      "arg_index": 1,
      "human_dominant": "Lacks Evidence",
      "vanilla_mr": 0.3333333333333333,
      "noise_mr": 0.3333333333333333,
      "baseline_mr": 0.0,
      "oracle_mr": 0.3333333333333333,
      "noise_ac1": 0.5158924205378973,
      "baseline_ac1": 0.5158924205378973,
      "oracle_ac1": 1.0
    },
    {
      "arg_index": 2,
      "human_dominant": "Vague or Ambiguous Terms",
      "vanilla_mr": 0.0,
      "noise_mr": 0.3333333333333333,
      "baseline_mr": 0.3333333333333333,
      "oracle_mr": 0.3333333333333333,
      "noise_ac1": 0.7534246575342466,
      "baseline_ac1": 0.6338983050847458,
      "oracle_ac1": 1.0
    },
    {
      "arg_index": 3,
      "human_dominant": "Lacks Evidence",
      "vanilla_mr": 0.6666666666666666,
      "noise_mr": 0.3333333333333333,
      "baseline_mr": 0.0,
      "oracle_mr": 0.0,
      "noise_ac1": 0.6298552932216298,
      "baseline_ac1": 0.5158924205378973,
      "oracle_ac1": 1.0
    },
    {
      "arg_index": 4,
      "human_dominant": "Vague or Ambiguous Terms",
      "vanilla_mr": 0.0,
      "noise_mr": 0.6666666666666666,
      "baseline_mr": 0.3333333333333333,
      "oracle_mr": 0.0,
      "noise_ac1": 0.5158924205378973,
      "baseline_ac1": 0.5125253893026406,
      "oracle_ac1": 1.0
    },
    {
      "arg_index": 5,
      "human_dominant": "Other Stakeholder Perspective",
      "vanilla_mr": 0.3333333333333333,
      "noise_mr": 0.3333333333333333,
      "baseline_mr": 0.0,
      "oracle_mr": 0.0,
      "noise_ac1": 0.28294177732379977,
      "baseline_ac1": 0.2682926829268293,
      "oracle_ac1": 1.0
    },
    {
      "arg_index": 6,
      "human_dominant": "Vague or Ambiguous Terms",
      "vanilla_mr": 0.3333333333333333,
      "noise_mr": 0.6666666666666666,
      "baseline_mr": 0.0,
      "oracle_mr": 0.6666666666666666,
      "noise_ac1": 0.5189309576837418,
      "baseline_ac1": 0.3910690121786197,
      "oracle_ac1": 1.0
    },
    {
      "arg_index": 7,
      "human_dominant": "Other Stakeholder Perspective",
      "vanilla_mr": 0.0,
      "noise_mr": 0.3333333333333333,
      "baseline_mr": 0.3333333333333333,
      "oracle_mr": 0.3333333333333333,
      "noise_ac1": 0.636697247706422,
      "baseline_ac1": 0.39523518631643245,
      "oracle_ac1": 1.0
    },
    {
      "arg_index": 8,
      "human_dominant": "Bias and Subjectivity",
      "vanilla_mr": 0.0,
      "noise_mr": 0.3333333333333333,
      "baseline_mr": 0.0,
      "oracle_mr": 0.3333333333333333,
      "noise_ac1": 0.39899833055091816,
      "baseline_ac1": 0.5121951219512195,
      "oracle_ac1": 1.0
    },
    {
      "arg_index": 9,
      "human_dominant": "Other Stakeholder Perspective",
      "vanilla_mr": 0.0,
      "noise_mr": 0.3333333333333333,
      "baseline_mr": 0.3333333333333333,
      "oracle_mr": 0.0,
      "noise_ac1": 0.5121951219512195,
      "baseline_ac1": 0.3668341708542714,
      "oracle_ac1": 1.0
    }
  ]
}