{
  "n_arguments": 10,
  "wilcoxon_oracle_vs_baseline": {
    "statistic": 11.5,
    "p_value": 0.41582042124951646,
    "confirmed": false
  },
  "wilcoxon_noise_vs_baseline": {
    "statistic": 15.0,
    "p_value": 0.834100081751115,
    "confirmed": false
  },
  "wilcoxon_vanilla_vs_baseline": {
    "statistic": 4.5,
    "p_value": 0.10516238594487679,
    "shortcut_supported": true
  },
  "wilcoxon_oracle_vs_noise": {
    "statistic": 10.5,
    "p_value": 0.736455371567231,
    "confirmed": false
  },
  "effect_sizes": {
    "oracle_vs_baseline": {
      "mean_delta": 0.033333333333333326,
      "median_delta": 0.0,
      "bootstrap_95ci": [
        -0.2333333333333333,
        0.29999999999999993
      ]
    },
    "oracle_vs_noise": {
      "mean_delta": -0.10000000000000003,
      "median_delta": -0.16666666666666666,
      "bootstrap_95ci": [
        -0.23333333333333334,
        0.06666666666666668
      ]
    }
  },
  "manipulation_check": {
    "noise_ac1_mean": 0.0,
    "baseline_ac1_mean": NaN,
    "oracle_ac1": 1.0,
    "passed": true
  },
  "kl_divergence_from_human": {
    "vanilla": 0.7001821792882459,
    "baseline": 1.4301049968466688,
    "oracle_gold": 1.3568295009397584,
    "noise": 1.3736289109023019
  },
  "condition_means": {
    "vanilla": {
      "match_rate": 0.5,
      "ac1": null
    },
    "noise": {
      "match_rate": 0.3666666666666667,
      "ac1": 0.0
    },
    "baseline": {
      "match_rate": 0.23333333333333334,
      "ac1": NaN
    },
    "oracle_gold": {
      "match_rate": 0.26666666666666666,
      "ac1": 1.0
    }
  },
  "per_argument": [
    {
      "arg_index": 0,
      "human_dominant": "Other Stakeholder Perspective",
      "vanilla_mr": 0.0,
      "noise_mr": 0.3333333333333333,
      "baseline_mr": 0.3333333333333333,
      "oracle_mr": 0.3333333333333333,
      "noise_ac1": 0.0,
      "baseline_ac1": NaN,
      "oracle_ac1": 1.0
    },
    {
      "arg_index": 1,
      "human_dominant": "Other Stakeholder Perspective",
      "vanilla_mr": 0.3333333333333333,
      "noise_mr": 0.3333333333333333,
      "baseline_mr": 0.3333333333333333,
      "oracle_mr": 0.0,
      "noise_ac1": 0.0,
      "baseline_ac1": NaN,
      "oracle_ac1": 1.0
    },
    {
      "arg_index": 2,
      "human_dominant": "Other Stakeholder Perspective",
      "vanilla_mr": 1.0,
      "noise_mr": 0.3333333333333333,
      "baseline_mr": 0.0,
      "oracle_mr": 0.0,
      "noise_ac1": 0.0,
      "baseline_ac1": NaN,
      "oracle_ac1": 1.0
    },
    {
      "arg_index": 3,
      "human_dominant": "Lacks Evidence",
      "vanilla_mr": 0.6666666666666666,
      "noise_mr": 0.0,
      "baseline_mr": 0.0,
      "oracle_mr": 0.0,
      "noise_ac1": 0.0,
      "baseline_ac1": NaN,
      "oracle_ac1": 1.0
    },
    {
      "arg_index": 4,
      "human_dominant": "Other Stakeholder Perspective",
      "vanilla_mr": 0.6666666666666666,
      "noise_mr": 0.3333333333333333,
      "baseline_mr": 1.0,
      "oracle_mr": 0.3333333333333333,
      "noise_ac1": 0.0,
      "baseline_ac1": NaN,
      "oracle_ac1": 1.0
    },
    {
      "arg_index": 5,
      "human_dominant": "Other Stakeholder Perspective",
      "vanilla_mr": 0.3333333333333333,
      "noise_mr": 0.3333333333333333,
      "baseline_mr": 0.0,
      "oracle_mr": 0.0,
      "noise_ac1": 0.0,
      "baseline_ac1": NaN,
      "oracle_ac1": 1.0
    },
    {
      "arg_index": 6,
      "human_dominant": "Other Stakeholder Perspective",
      "vanilla_mr": 0.6666666666666666,
      "noise_mr": 0.6666666666666666,
      "baseline_mr": 0.0,
      "oracle_mr": 0.3333333333333333,
      "noise_ac1": 0.0,
      "baseline_ac1": NaN,
      "oracle_ac1": 1.0
    },
    {
      "arg_index": 7,
      "human_dominant": "Other Stakeholder Perspective",
      "vanilla_mr": 0.3333333333333333,
      "noise_mr": 0.6666666666666666,
      "baseline_mr": 0.3333333333333333,
      "oracle_mr": 1.0,
      "noise_ac1": 0.0,
      "baseline_ac1": NaN,
      "oracle_ac1": 1.0
    },
    {
      "arg_index": 8,
      "human_dominant": "Vague or Ambiguous Terms",
      "vanilla_mr": 0.6666666666666666,
      "noise_mr": 0.3333333333333333,
      "baseline_mr": 0.0,
      "oracle_mr": 0.6666666666666666,
      "noise_ac1": 0.0,
      "baseline_ac1": NaN,
      "oracle_ac1": 1.0
    },
    {
      "arg_index": 9,
      "human_dominant": "Lacks Evidence",
      "vanilla_mr": 0.3333333333333333,
      "noise_mr": 0.3333333333333333,
      "baseline_mr": 0.3333333333333333,
      "oracle_mr": 0.0,
      "noise_ac1": 0.0,
      "baseline_ac1": NaN,
      "oracle_ac1": 1.0
    }
  ]
}